{"data":{"Year":[2012,2013,2014,2015,2016,2017,2018,2019],"Value":[0.0660374359,0.0700187878,0.072184906,0.0706839488,0.0666666877,0.0625534242,0.0592100505,0.0543832446]},"edges":[]}